,created_at,tweet_content,keyword,user_location,hashtags,symbols,urls,user_mentions,avg_sentiment
0,2021-05-04 12:30:48,mds nubank nunca libera mais limite pra mim,['Nubank'],GoiÃ¢nia,[],[],[],[],0
2,2021-05-04 12:31:27,"toda vez que vejo Nubank nos tt vou lÃ¡ conferir que meu saldo tÃ¡ certo

juro que traumatizei com as histÃ³rias do nubank roubando dinheiro",['Nubank'],None,[],[],[],[],0
7,2021-05-04 12:31:46,@Rodrigolps_ No meu caso eu sÃ³ observo a nubank aumentando os juros da minha dÃ­vida ğŸ˜ª,['Nubank'],ğŸ³ï¸â€ğŸŒˆ,[],[],[],"[{'screen_name': 'Rodrigolps_', 'name': 'lovezinho', 'id': 487731479, 'id_str': '487731479', 'indices': [0, 12]}]",0
8,2021-05-04 12:31:47,@msswx @nubank Processo neles,['Nubank'],MacaÃ©,[],[],[],"[{'screen_name': 'msswx', 'name': 'Mari Siqueira', 'id': 1240771193319370752, 'id_str': '1240771193319370752', 'indices': [0, 6]}, {'screen_name': 'nubank', 'name': 'Nubank', 'id': 2319390320, 'id_str': '2319390320', 'indices': [7, 14]}]",0
12,2021-05-04 12:32:31,"â€œVou gastar tudo na Nike, cueca da Calvin Kleinâ€",['Nike'],Hell not Helsinki,[],[],[],[],0
14,2021-05-04 12:32:35,"eu: vou parar de comer besteira 

logo dps meu cafÃ© da manhÃ£ foi bis e coca cola",['Coca cola'],None,[],[],[],[],0
18,2021-05-04 12:33:13,"tipo a parada de falar que a furia Ã© muito nike e gatorade e o plano Ã© raiz, alÃ©m do bagulho do SM",['Nike'],None,[],[],[],[],0
19,2021-05-04 12:33:39,@nubank que Ã³dio de vocÃª! NÃ£o pode aprovar meu crÃ©dito por quÃª ?,['Nubank'],None,[],[],[],"[{'screen_name': 'nubank', 'name': 'Nubank', 'id': 2319390320, 'id_str': '2319390320', 'indices': [0, 7]}]",0
30,2021-05-04 12:35:17,"Nubank generoso deixando o povo se endividar e pagar juros ai que lindo, nubank o amigo de todos sqn.",['Nubank'],None,[],[],[],[],0
32,2021-05-04 12:35:18,nubank esse aumento de limite ta me dando gatilho,['Nubank'],"Pindamonhangaba, Brasil",[],[],[],[],0
37,2021-05-04 12:35:50,achei o vestido na shein q odio,['SHEIN'],"Salvador, Brasil",[],[],[],[],0
42,2021-05-04 12:36:27,"todos aquellos hombres q todo este tiempo (antes de q llegara mi pedido de shein) me ignoraron q sepan q ahora que estoy en mi cima (ha llegado mi pedido de shein) no estoy para ellos

si no estuviste en las malas (antes de shein) no tendras lugar en las buenas (despuÃ©s de shein)",['SHEIN'],None,[],[],[],[],0
46,2021-05-04 12:36:52,"@deszanti ardidas geralmente

mas depende do nike",['Nike'],"Guarulhos, Iraque",[],[],[],"[{'screen_name': 'deszanti', 'name': 'lua', 'id': 777317655007129600, 'id_str': '777317655007129600', 'indices': [0, 9]}]",0
47,2021-05-04 12:37:15,Nunca mais meu limite do Nubank aumentou,['Nubank'],Aldeia da Folha ğŸƒ,[],[],[],[],0
50,2021-05-04 12:37:46,"Vi o @nubank no topo, jÃ¡ vim correndo ver se era o Apple Pay! ğŸ¤¡ğŸ¤¡ğŸ¤¡ agiliza aÃ­ nÃ© @Apple ğŸ™ğŸ¼",['Nubank'],"GoiÃ¢nia, Brasil",[],[],[],"[{'screen_name': 'nubank', 'name': 'Nubank', 'id': 2319390320, 'id_str': '2319390320', 'indices': [5, 12]}, {'screen_name': 'Apple', 'name': 'Apple', 'id': 380749300, 'id_str': '380749300', 'indices': [80, 86]}]",0
51,2021-05-04 12:37:49,"@akbilbo Drx paia dms, e sÃ³ ele p me roubar da nike",['Nike'],031ğŸ’¸Ced,[],[],[],"[{'screen_name': 'akbilbo', 'name': 'bilbo', 'id': 2786336070, 'id_str': '2786336070', 'indices': [0, 8]}]",0
54,2021-05-04 12:38:21,eu amo que o nubank sÃ³ aumenta o limite de quem nem emprego tem,['Nubank'],None,[],[],[],"[{'screen_name': 'danilopaulodf', 'name': 'blessed bacon', 'id': 2352330198, 'id_str': '2352330198', 'indices': [3, 17]}]",0
55,2021-05-04 12:39:07,todo mundo ganhando aumento no limite da nubank e eu tendo o pedido de aumento recusado ğŸ¤¡ğŸ¤¡ğŸ¤¡,['Nubank'],rio de janeiro,[],[],[],[],0
57,2021-05-04 12:39:21,"Ã© golpe seguido de golpe Nubank e todos os outros cartÃµes de crÃ©dito.
No fundo todos nÃ³s precisamos aprender nas aulas da Nathalia Arcuri",['Nubank'],"Campina Grande, Brasil",[],[],[],[],0
58,2021-05-04 12:39:28,"@gabriellima_004 Por isso q eu prefiro xiaomi zz , a cÃ¢mera pode perder pro iPhone mais a bateria Ã© o dia todo kkkkkkkk",['Xiaomi'],"Contagem, Brasil",[],[],[],"[{'screen_name': 'gabriellima_004', 'name': 'lima ğŸ”º', 'id': 1172164441892413442, 'id_str': '1172164441892413442', 'indices': [0, 16]}]",0
63,2021-05-04 12:40:01,E eu que tenho Nubank a anos e meu limite nunca aumentou nem 1 centavo ğŸ¤¡ğŸ¤¡,['Nubank'],None,[],[],[],[],0
64,2021-05-04 12:40:06,"entao Nubank aumentou varios limites ate de quem nem ta com renda e eu que to com renda e pago tudo em dia, nao tenho, fdp",['Nubank'],Red Room,[],[],[],[],0
67,2021-05-04 12:40:25,sedenta por pontos na shein,['SHEIN'],Guilherme ğŸ‘¼ğŸ½ğŸ¥€ğŸ–¤,[],[],[],[],0
68,2021-05-04 12:40:25,"vai toma no cu, taxa de 6,50 pra sacar dinheiro no nubank",['Nubank'],"Londrina, Brasil",[],[],[],[],0
69,2021-05-04 12:40:33,aposto que se eu for no @Banrisul eles me dÃ£o um limite maior do que eu pedi na @nubank,['Nubank'],Porto Alegre -RS,[],[],[],"[{'screen_name': 'Banrisul', 'name': 'Banrisul', 'id': 296257613, 'id_str': '296257613', 'indices': [24, 33]}, {'screen_name': 'nubank', 'name': 'Nubank', 'id': 2319390320, 'id_str': '2319390320', 'indices': [80, 87]}]",0
72,2021-05-04 12:41:03,"@nubank @Joarlens Nubank rapaz 1,00 de limite Ã© uma afronta, estou me sentindo menosprezada ğŸ¤£ğŸ¤£ğŸ¤£ğŸ¤£ğŸ¤£",['Nubank'],None,[],[],[],"[{'screen_name': 'nubank', 'name': 'Nubank', 'id': 2319390320, 'id_str': '2319390320', 'indices': [0, 7]}, {'screen_name': 'Joarlens', 'name': 'Joarlens Afonso', 'id': 2799218177, 'id_str': '2799218177', 'indices': [8, 17]}]",0
73,2021-05-04 12:41:14,@nubank Sustenta sua gracinha ğŸ˜¡,['Nubank'],"Vila ValÃ©rio, Brasil",[],[],[],"[{'screen_name': 'nubank', 'name': 'Nubank', 'id': 2319390320, 'id_str': '2319390320', 'indices': [0, 7]}]",0
74,2021-05-04 12:41:16,@pestanaskrr n eh que ela seja #### mas tbm n eh essas coca cola toda,['Coca cola'],death star,[],[],[],"[{'screen_name': 'pestanaskrr', 'name': 'sa â˜˜ï¸ â‹® ğŸ“š: six of crows âŸ', 'id': 1149107893381345280, 'id_str': '1149107893381345280', 'indices': [0, 12]}]",0
76,2021-05-04 12:41:47,Primeira ficada e ele jÃ¡ me pediu uma blusa da Nike,['Nike'],"Vila Velha, Brasil",[],[],[],[],0
77,2021-05-04 12:41:55,A nubank ameaÃ§ou bloquear meu cartÃ£o se nÃ£o pagasse a fatura kkk,['Nubank'],None,[],[],[],[],0
78,2021-05-04 12:42:13,como assim a Nubank tÃ¡ aumentando o limite dos outros e o meu nada ğŸ˜”,['Nubank'],Brasil,[],[],[],[],0
79,2021-05-04 12:42:40,JÃ¡ no aguardo do e-mail que vai desanimar o resto do dia,[],Brazil,[],[],[],[],0
80,2021-05-04 12:42:44,Todo mundo ganhando aumento no limite do nubank e eu tendo o pedido do aumento recusado: ğŸ¤¡ğŸ¤¡ğŸ¤¡,['Nubank'],Brasil,[],[],[],[],0
82,2021-05-04 12:42:44,eu simplesmente ODEIO a @nubank,['Nubank'],None,[],[],[],"[{'screen_name': 'nubank', 'name': 'Nubank', 'id': 2319390320, 'id_str': '2319390320', 'indices': [24, 31]}]",0
84,2021-05-04 12:43:28,"Recebi a encomenda da shein, finalmente acertei nos tamanhos, mas a coleira que mandei vir para o lord Ã© pequena, meu eu nunca acerto ğŸ¤¦ğŸ»â€â™‚ï¸",['SHEIN'],SetÃºbal,[],[],[],[],0
86,2021-05-04 12:43:52,"@nubank Poxa, jÃ¡ sÃ£o 6 anos de anos pontuais sem que eu nÃ£o tenha sido agraciado em nenhuma delas :/",['Nubank'],Mariana-Mg,[],[],[],"[{'screen_name': 'nubank', 'name': 'Nubank', 'id': 2319390320, 'id_str': '2319390320', 'indices': [0, 7]}]",0
88,2021-05-04 12:43:53,"a humilhaÃ§Ã£o do pobre, todos com aumento de limite no nubank e o meu nada ğŸ¤¡",['Nubank'],None,[],[],[],[],0
92,2021-05-04 12:45:02,Nubank aumentando o limite de geral mas o meu.........,['Nubank'],"Rio de Janeiro, Brasil",[],[],[],[],0
95,2021-05-04 12:45:50,"@nubank  me atende, sÃ³ queria tirar uma dÃºvida :(",['Nubank'],None,[],[],[],"[{'screen_name': 'nubank', 'name': 'Nubank', 'id': 2319390320, 'id_str': '2319390320', 'indices': [0, 7]}]",0
98,2021-05-04 12:46:00,"Vamos concordar que o Banco Inter Ã© o melhor banco.
E o Nubank sÃ³ serve pra render os centavos, mas vai sacar pra te ver o absurdo.",['Nubank'],"MacapÃ¡, Brasil",[],[],[],[],0
104,2021-05-04 12:47:05,A nubank so da limite alto pra quem n trabalha mesmo?,['Nubank'],None,[],[],[],"[{'screen_name': 'rangelweslley5', 'name': 'uerlei', 'id': 3356029973, 'id_str': '3356029973', 'indices': [3, 18]}]",0
105,2021-05-04 12:47:06,"Falei que melhoraria minha alimentaÃ§Ã£o essa semana, eis que estou tomando Coca Cola no cafÃ© da manhÃ£",['Coca cola'],None,[],[],[],[],0
106,2021-05-04 12:47:06,Shein por acaso Ã© sÃ³ pra mulheres mano ????? Acabei de baixar e sÃ³ aparece coisa feminina,['SHEIN'],"Itu, Brasil",[],[],[],[],0
112,2021-05-04 12:47:47,@_joaopgatti @sophiaemanuella @nubank quando vocÃª pede aumento aÃ­ mesmo Ã© que nÃ£o aumentam e tu vai pruma espÃ©cie de â€œfinal de filaâ€,['Nubank'],"Sunyshore City, Sinnoh",[],[],[],"[{'screen_name': '_joaopgatti', 'name': 'xota pÃª', 'id': 1256108838526373889, 'id_str': '1256108838526373889', 'indices': [0, 12]}, {'screen_name': 'sophiaemanuella', 'name': 'sofia', 'id': 1110361523967455232, 'id_str': '1110361523967455232', 'indices': [13, 29]}, {'screen_name': 'nubank', 'name': 'Nubank', 'id': 2319390320, 'id_str': '2319390320', 'indices': [30, 37]}]",0
118,2021-05-04 12:49:05,Alguem pra me ajudar? @nubank,['Nubank'],Lomas de zamora,[],[],[],"[{'screen_name': 'nubank', 'name': 'Nubank', 'id': 2319390320, 'id_str': '2319390320', 'indices': [22, 29]}]",0
119,2021-05-04 12:49:18,@amazonilio daddy dÃ¡ academia e tÃªnis nike,['Nike'],sei nÃ£o Ã³,[],[],[],"[{'screen_name': 'amazonilio', 'name': 'venti do agreste', 'id': 1042281715677454337, 'id_str': '1042281715677454337', 'indices': [0, 11]}]",0
120,2021-05-04 12:49:28,Acho que minhas compras do shein se perderam no meio do caminho ou o caminhÃ£o capotou e perdeu elas,['SHEIN'],None,[],[],[],[],0
121,2021-05-04 12:49:51,"Pedido em trÃ¢nsito ğŸ¤¦ğŸ½â€â™€ï¸
Shein enrola em ğŸ˜’",['SHEIN'],CRVG,[],[],[],[],0
122,2021-05-04 12:49:55,@hswift89 mais compra toda semana na shein neh o burguÃªsa safada,['SHEIN'],1994,[],[],[],"[{'screen_name': 'hswift89', 'name': 'leeh', 'id': 1381348072542855172, 'id_str': '1381348072542855172', 'indices': [0, 9]}]",0
124,2021-05-04 12:50:08,"acho que vou precisar deixar meu nome ir pro spc, dever pra um agiota, perder minha casa num jogo de azar pra @nubank aumentar meu limite",['Nubank'],"zona leste, sp",[],[],[],"[{'screen_name': 'nubank', 'name': 'Nubank', 'id': 2319390320, 'id_str': '2319390320', 'indices': [110, 117]}]",0
125,2021-05-04 12:50:29,"@adiirjr Sim, eles sÃ£o. Mas se fala de Android/xiaomi o adir pira, ai n pode. ğŸ¥°ğŸ¤ª",['Xiaomi'],"Blumenau, Brasil",[],[],[],"[{'screen_name': 'adiirjr', 'name': 'Adir', 'id': 1069561194602786817, 'id_str': '1069561194602786817', 'indices': [0, 8]}]",0
128,2021-05-04 13:01:38,Sou uma piada para o @nubank ğŸ¤¡,['Nubank'],None,[],[],[],"[{'screen_name': 'nubank', 'name': 'Nubank', 'id': 2319390320, 'id_str': '2319390320', 'indices': [21, 28]}]",0
129,2021-05-04 13:01:01,@nubank aumenta meu limite nunk? ğŸ˜©,['Nubank'],"Rio de Janeiro, Brasil",[],[],[],"[{'screen_name': 'nubank', 'name': 'Nubank', 'id': 2319390320, 'id_str': '2319390320', 'indices': [0, 7]}]",0
131,2021-05-04 13:01:58,"Entro no site da Nike Ã© pergunto,pq nÃ£o sou rico ğŸ¤¦â€â™‚ï¸ğŸ¤¯",['Nike'],None,[],[],[],[],0
132,2021-05-04 13:02:23,sofrendo p achar uma jaqueta da nike d nba,['Nike'],21,[],[],[],[],0
133,2021-05-04 13:02:31,@S2NTXS tipo coca cola nos mentos nÃ³s tamos a explodir?,['Coca cola'],Cuba,[],[],[],"[{'screen_name': 'S2NTXS', 'name': 'santos !! ğŸ—£', 'id': 1256577388156260356, 'id_str': '1256577388156260356', 'indices': [0, 7]}]",0
134,2021-05-04 13:02:32,@xbabimonteiro acordei com essa linda mensagem porÃ©m o aumento foi sÃ³ de 10 reais. nubank eu sou uma piada pra vc?,['Nubank'],BrasÃ­lia,[],[],[],"[{'screen_name': 'xbabimonteiro', 'name': 'Babuxa', 'id': 1361471889089171456, 'id_str': '1361471889089171456', 'indices': [0, 14]}]",0
136,2021-05-04 13:03:09,@SHOUYOPlCS perfume da BoticÃ¡rio e jogador de lol,['BoticÃ¡rio'],dc: Naomi Aiko#4324    (ela/u),[],[],[],"[{'screen_name': 'SHOUYOPlCS', 'name': 'foo', 'id': 1370423030766317568, 'id_str': '1370423030766317568', 'indices': [0, 11]}]",0
137,2021-05-04 13:02:55,"Nubank aumenta meu limite mas nÃ£o aumenta meu salÃ¡rio, aÃ­ Ã© foda",['Nubank'],"Rio Grande do Sul, Brasil",[],[],[],[],0
138,2021-05-04 13:03:44,que absurdo,[],None,[],[],[],"[{'screen_name': 'dudinha', 'name': 'dudinha', 'id': 3626009357, 'id_str': '3626009357', 'indices': [3, 11]}]",0
140,2021-05-04 13:03:51,"@nubank JÃ¡ pedi. Uso muito, pago sempre em dia e tenho que utilizar outros cartÃµes porque sÃ³ o nu nÃ£o suporta meus gastos..
Poxinha ğŸ¥º",['Nubank'],Rio de Janeiro,[],[],[],"[{'screen_name': 'nubank', 'name': 'Nubank', 'id': 2319390320, 'id_str': '2319390320', 'indices': [0, 7]}]",0
148,2021-05-04 13:05:01,Vejo Nubank nos TTâ€™s e jÃ¡ imagino qual a merda da vez,['Nubank'],None,[],[],[],[],0
149,2021-05-04 13:04:52,"Nubank tinha que parar com essa porra de descontar 6,50 quando retira dinheiro no caixa",['Nubank'],None,[],[],[],[],0
151,2021-05-04 13:05:18,Lojinhas do insta q compra roupa na shein e vende como se fosse produÃ§Ã£o exclusiva,['SHEIN'],clareira na mata - 012,[],[],[],[],0
157,2021-05-04 13:10:44,"@nubank nos trendings de aumento de limite, e eu abrindo app atoa ğŸ¥²",['Nubank'],"VitÃ³ria, ES",[],[],[],"[{'screen_name': 'nubank', 'name': 'Nubank', 'id': 2319390320, 'id_str': '2319390320', 'indices': [0, 7]}]",0
161,2021-05-04 13:10:48,@nubank  aumento o limite de todo mundo e o meu continuando ZERO e eu tendo que usar o limite temporÃ¡rio,['Nubank'],My Bieber Experience,[],[],[],"[{'screen_name': 'nubank', 'name': 'Nubank', 'id': 2319390320, 'id_str': '2319390320', 'indices': [0, 7]}]",0
162,2021-05-04 13:11:03,vendo todo mundo receber as coisas da shein ontem/hoje menos eu ğŸ¤¯ğŸ¤¯ğŸ˜ğŸ˜ğŸ˜,['SHEIN'],Brasil,[],[],[],[],0
165,2021-05-04 13:11:05,Ã³dio anal do site da nike sÃ³ queria comprar um dunkzinho,['Nike'],Brazil,[],[],[],[],0
166,2021-05-04 13:11:08,"@dearschafer Eu na vida ğŸ¤¦ğŸ½â€â™€ï¸ ğŸ¤¦ğŸ½â€â™€ï¸ ğŸ¤£ğŸ¤£
Pra ter crÃ©dito tem que por crÃ©dito ğŸ™„ğŸ˜’
Melhor comprar Ã  vista nÃ© dona @nubank ğŸ¤·",['Nubank'],None,[],[],[],"[{'screen_name': 'Thamires_Dias12', 'name': 'ThamiresğŸ–¤', 'id': 1040240031460405250, 'id_str': '1040240031460405250', 'indices': [3, 19]}, {'screen_name': 'dearschafer', 'name': 'f', 'id': 856854031, 'id_str': '856854031', 'indices': [21, 33]}, {'screen_name': 'nubank', 'name': 'Nubank', 'id': 2319390320, 'id_str': '2319390320', 'indices': [130, 137]}]",0
167,2021-05-04 13:11:14,@nubank sem tempo irmao,['Nubank'],"AnÃ¡polis, ğŸ‡§ğŸ‡·",[],[],[],"[{'screen_name': 'nubank', 'name': 'Nubank', 'id': 2319390320, 'id_str': '2319390320', 'indices': [0, 7]}]",0
168,2021-05-04 13:11:09,"eeeeguas, eu nÃ£o deixava @nubank",['Nubank'],"SÃ£o LuÃ­s, Brasil",[],[],[],"[{'screen_name': 'julianerys_', 'name': ""don't call me anjÃ£o"", 'id': 171442438, 'id_str': '171442438', 'indices': [3, 15]}, {'screen_name': 'nubank', 'name': 'Nubank', 'id': 2319390320, 'id_str': '2319390320', 'indices': [42, 49]}]",0
174,2021-05-04 13:11:49,"qual que Ã© o nubank tÃ¡ aumentando o limite de crÃ©dito de todo mundo, mas pro bobo aqui foram incrÃ­veis zero reais nÃ©",['Nubank'],My Bieber Experience,[],[],[],[],0
176,2021-05-04 13:12:05,@nubank CadÃª meu aumento de limite ?,['Nubank'],"BrasÃ­lia, Brasil",[],[],[],"[{'screen_name': 'nubank', 'name': 'Nubank', 'id': 2319390320, 'id_str': '2319390320', 'indices': [0, 7]}]",0
177,2021-05-04 13:12:20,pq a Nubank nunca aumenta a bosta do meu limite,['Nubank'],"Contagem, Brasil",[],[],[],[],0
181,2021-05-04 13:12:56,@sirati_joao @nubank caralho me empresta 1000 ai,['Nubank'],None,[],[],[],"[{'screen_name': 'sirati_joao', 'name': 'Sirati', 'id': 1061798275991388160, 'id_str': '1061798275991388160', 'indices': [0, 12]}, {'screen_name': 'nubank', 'name': 'Nubank', 'id': 2319390320, 'id_str': '2319390320', 'indices': [13, 20]}]",0
182,2021-05-04 13:12:57,@NBrunn1_ AlÃ´ @nubank aumenta aiii,['Nubank'],None,[],[],[],"[{'screen_name': 'NBrunn1_', 'name': 'NaBru', 'id': 978245198462451712, 'id_str': '978245198462451712', 'indices': [0, 9]}, {'screen_name': 'nubank', 'name': 'Nubank', 'id': 2319390320, 'id_str': '2319390320', 'indices': [14, 21]}]",0
183,2021-05-04 13:13:08,nike eu te amo mt mas tbm te odeio,['Nike'],MS,[],[],[],[],0
186,2021-05-04 13:13:18,oq eh q nubank aumentando o limite de todo mundo menos o meu?? quero gastar seus filha da puta,['Nubank'],South Africa,[],[],[],"[{'screen_name': 'juavnn', 'name': 'Julia', 'id': 4873256859, 'id_str': '4873256859', 'indices': [3, 10]}]",0
187,2021-05-04 13:13:20,@nubank Aumentaaaa meu limiteeeeeee,['Nubank'],Ovelhas negras,[],[],[],"[{'screen_name': 'nubank', 'name': 'Nubank', 'id': 2319390320, 'id_str': '2319390320', 'indices': [0, 7]}]",0
189,2021-05-04 13:13:27,@brunosouzaf10 @nubank eu nÃ£o vou nem te responder pra evitar a fadiga e nÃ£o mandar vocÃª pra casa do caralho,['Nubank'],"Duque de Caxias, Brasil",[],[],[],"[{'screen_name': 'brunosouzaf10', 'name': 'Bruno á¶œÊ³á¶ ', 'id': 3379734113, 'id_str': '3379734113', 'indices': [0, 14]}, {'screen_name': 'nubank', 'name': 'Nubank', 'id': 2319390320, 'id_str': '2319390320', 'indices': [15, 22]}]",0
193,2021-05-04 13:13:39,"@nubank esperei tanto pelo aumento e vc me da sÃ³ 10,00? eu sou uma piada pra vc?",['Nubank'],BrasÃ­lia,[],[],[],"[{'screen_name': 'nubank', 'name': 'Nubank', 'id': 2319390320, 'id_str': '2319390320', 'indices': [0, 7]}]",0
194,2021-05-04 13:13:42,@nubank Melhorem o atendimento virtual e respondam a DM,['Nubank'],"Recife, Brasil",[],[],[],"[{'screen_name': 'nubank', 'name': 'Nubank', 'id': 2319390320, 'id_str': '2319390320', 'indices': [0, 7]}]",0
196,2021-05-04 13:13:55,"@promodelivro A falta que um cartÃ£o de crÃ©dito faz... @nubank aprova tudo e todos, menos eu. JÃ¡ desisti da vida",['Nubank'],"Pernambuco, Brasil",[],[],[],"[{'screen_name': 'promodelivro', 'name': 'Promo De Livro', 'id': 1260963792487362561, 'id_str': '1260963792487362561', 'indices': [0, 13]}, {'screen_name': 'nubank', 'name': 'Nubank', 'id': 2319390320, 'id_str': '2319390320', 'indices': [54, 61]}]",0
198,2021-05-04 13:14:04,site da nike um grande lixo,['Nike'],"Itapetininga, Brasil",[],[],[],[],0
200,2021-05-04 13:14:08,mano vai tomar no cu  o site da Nike Ã© do caralho viu que odio,['Nike'],"GuarujÃ¡, Brasil",[],[],[],[],0
202,2021-05-04 13:14:24,"@nubank paguei minha fatura q vence dia 18 bem adiantada, tu n percebe q estou fazendo de tudo p ganhar um aumento de limite n!? ğŸ¥ºğŸ¥ºğŸ¥ºğŸ˜œğŸ˜œğŸ˜œ",['Nubank'],"PorciÃºncula, Brasil",[],[],[],"[{'screen_name': 'nubank', 'name': 'Nubank', 'id': 2319390320, 'id_str': '2319390320', 'indices': [0, 7]}]",0
205,2021-05-04 13:14:46,e meu cartÃ£o da nubank que nunca chega,['Nubank'],None,[],[],[],[],0
206,2021-05-04 13:14:56,"@crisvector Eu sÃ³ uso @pumabrasil e @Nike, mesmo! Hahhahaa adidas nazi nunca me enganou",['Nike'],"SÃ£o JosÃ© dos Campos, Brasil",[],[],[],"[{'screen_name': 'crisvector', 'name': 'Cris', 'id': 17984064, 'id_str': '17984064', 'indices': [0, 11]}, {'screen_name': 'pumabrasil', 'name': 'pumabrasil', 'id': 281551749, 'id_str': '281551749', 'indices': [22, 33]}, {'screen_name': 'Nike', 'name': 'Nike', 'id': 415859364, 'id_str': '415859364', 'indices': [36, 41]}]",0
209,2021-05-04 13:15:22,"Nubank deve tÃ¡ tirando uma com minha cara, liberaram um cartÃ£o de crÃ©dito pra mim com limite de $0,52 ğŸ¤¡ğŸ¤¡ğŸ¤¡ğŸ¤¡",['Nubank'],None,[],[],[],[],0
215,2021-05-04 13:15:40,"Pedi aumento de limite ontem e o @nubank n me deu, agora entro no twitter e ta todo mundo ganhando D:",['Nubank'],None,[],[],[],"[{'screen_name': 'nubank', 'name': 'Nubank', 'id': 2319390320, 'id_str': '2319390320', 'indices': [33, 40]}]",0
217,2021-05-04 13:15:59,"@xlauralima @pleasenat nÃ£o iria pra nubank nÃ£o, 10 anos de cartÃ£o e todo mundo fala que demora sÃ©culos pra aumentar",['Nubank'],"Rio de Janeiro, Brasil",[],[],[],"[{'screen_name': 'xlauralima', 'name': 'laura', 'id': 609784377, 'id_str': '609784377', 'indices': [0, 11]}, {'screen_name': 'pleasenat', 'name': 'natâ· ğŸ§ˆ', 'id': 2800273941, 'id_str': '2800273941', 'indices': [12, 22]}]",0
221,2021-05-04 13:16:13,Namoral @nubank aumenta meu limite disgraÃ§a!!! Vou ter que ir pro Inter msm Ã© porra?!,['Nubank'],"Salvador, Brasil",[],[],[],"[{'screen_name': 'nubank', 'name': 'Nubank', 'id': 2319390320, 'id_str': '2319390320', 'indices': [8, 15]}]",0
222,2021-05-04 13:16:17,Todo mundo ganhando aumento no limite do nubank e eu tendo o pedido do aumento recusado: ğŸ¤¡ğŸ¤¡,['Nubank'],"PiauÃ­, Brasil",[],[],[],[],0
225,2021-05-04 13:16:25,"Agora o nubank aumentou meu limite, posso nem pagar $50 imagina $400",['Nubank'],"Recife, Pernambuco",[],[],[],[],0
227,2021-05-04 13:16:38,"6,50 de taxa, pra fazer um saque na nubank ğŸ˜¥",['Nubank'],Davi LuÃ­s ğŸ’™,[],[],[],[],0
231,2021-05-04 13:16:51,Ãšltima vez que o traviscote fez mÃºsica boa o logo da Nike ainda era certo,['Nike'],"Curitiba, Brasil",[],[],[],[],0
232,2021-05-04 13:16:53,dia difÃ­cil pra quem foi taxada na shein ğŸ¥²ğŸ¥²,['SHEIN'],"Itabira, Brasil",[],[],[],[],0
233,2021-05-04 13:16:56,Um mÃªs e a Nike vai e cancela meu force que agora subiu o preÃ§o. Eu te odeio nike eu te odeio,['Nike'],"Indaiatuba, Brasil",[],[],[],[],0
235,2021-05-04 13:16:58,"@MarabaCarlos fiz la no mix mateus e tem o da nubank, n dar certo drx kkkkkkkj",['Nubank'],"TucuruÃ­, Brasil",[],[],[],"[{'screen_name': 'MarabaCarlos', 'name': 'Carlos Zduardo Maraba', 'id': 1192649393188589568, 'id_str': '1192649393188589568', 'indices': [0, 13]}]",0
237,2021-05-10 14:37:47,@boonbap to desde janeiro tentando desbloquear meu cartÃ£o alo @nubank,['Nubank'],"Rio de Janeiro, Brasil",[],[],[],"[{'screen_name': 'boonbap', 'name': 'Bon - ä½éŸ³ ğŸ¥| MLK DO RJ', 'id': 925392913797996544, 'id_str': '925392913797996544', 'indices': [0, 8]}, {'screen_name': 'nubank', 'name': 'Nubank', 'id': 2319390320, 'id_str': '2319390320', 'indices': [62, 69]}]",0
241,2021-05-10 14:43:09,"isso mesmo fÃªmea continua diminuindo qm usa cropped e short 
TÃ¡ lindo, mesmo
Amo seu estilo diferenciado 
ğŸ’«sheinğŸ’«",['SHEIN'],"Passos, Brasil",[],[],[],[],0
242,2021-05-10 14:44:15,"hj ia perdendo todos os meus pontos da shein Ã¡ pala da ellen, passei-me durante uns 5min atÃ© os conseguir de volta",['SHEIN'],None,[],[],[],[],0
243,2021-05-10 14:45:33,Nubank meu dinheiro....,['Nubank'],goias,[],[],[],[],0
252,2021-05-10 14:39:58,Nubank sÃ³ pode tÃ¡ de brincadeira com a minha cara ğŸ¤¡,['Nubank'],None,[],[],[],[],0
256,2021-05-10 14:36:18,"@nubank nÃ£o queria um email de recarga de celular, queria um email dizendo ""vocÃª estÃ¡ convidado para testar o Apple Pay com seu roxinho""",['Nubank'],"Mendes, Brasil",[],[],[],"[{'screen_name': 'nubank', 'name': 'Nubank', 'id': 2319390320, 'id_str': '2319390320', 'indices': [0, 7]}]",0
260,2021-05-10 14:49:42,@Brendinhakonig NIKE ğŸ™…ğŸ¿â€â™‚ï¸ Esquece,['Nike'],"Lorena, Brasil",[],[],[],"[{'screen_name': 'Brendinhakonig', 'name': 'Brendinha', 'id': 1274867376119590916, 'id_str': '1274867376119590916', 'indices': [0, 15]}]",0
261,2021-05-10 14:50:34,"O nubank negando uma compra pq excedeu 0,50$ do limite. Kkkkkkkkkkkkkk",['Nubank'],None,[],[],[],[],0
264,2021-05-10 14:52:36,nubank eu te amo mas qual o problema de deixar sacar sem pagar taxa? sou obrigada a abrir conta em outro lugar,['Nubank'],None,[],[],[],[],0
265,2021-05-10 14:54:35,@MauricioCola IncrÃ­vel como a Nike sente prazer em CAGAR camisas. O aproveitamento Ã© impressionante.,['Nike'],"MaceiÃ³, Brasil",[],[],[],"[{'screen_name': 'MauricioCola', 'name': 'ĞœĞ°urÃ­cio SimÃµes â­', 'id': 230115217, 'id_str': '230115217', 'indices': [0, 13]}]",0
268,2021-05-10 14:47:16,Comprei na shein mas nÃ£o tenho paciÃªncia nenhuma de espera,['SHEIN'],DeprelÃ¢ndia - lagrimas,[],[],[],[],0
271,2021-05-10 14:50:32,Tem uns shorts jeans da Shein que misericÃ³rdia KKKKKKKKKKK,['SHEIN'],"Rio de Janeiro, Brasil",[],[],[],[],0
273,2021-05-10 14:56:22,gente q horror meu professor usa adidas junto c nikeğŸ’”ğŸ’”ğŸ’”ğŸ’”ğŸ’”ğŸ’”,['Nike'],"Campina Grande, Brasil",[],[],[],[],0
277,2021-05-10 14:38:39,@mariaaa_juulia cadÃª minhas roupas da shein ğŸ˜”ğŸ˜”ğŸ˜”,['SHEIN'],"ParanÃ¡, Brasil",[],[],[],"[{'screen_name': 'mariaaa_juulia', 'name': 'âœ¹ â˜½', 'id': 896096841829371904, 'id_str': '896096841829371904', 'indices': [0, 15]}]",0
279,2021-05-10 14:39:56,"@amaralgusman @nubank Eu amo, sabe? Mas perder dinheiro me irrita num nÃ­vel!!",['Nubank'],"CamaÃ§ari, Brasil",[],[],[],"[{'screen_name': 'amaralgusman', 'name': 'ğ™–ğ™¢ğ™–ğ™§ğ™–ğ™¡', 'id': 771172927941193729, 'id_str': '771172927941193729', 'indices': [0, 13]}, {'screen_name': 'nubank', 'name': 'Nubank', 'id': 2319390320, 'id_str': '2319390320', 'indices': [14, 21]}]",0
281,2021-05-10 14:40:21,minha coca cola bebe rato,['Coca cola'],"Coronel Fabriciano, Brasil",[],[],[],[],0
283,2021-05-10 14:42:23,"fica fria ai nubank
vou te pagar n",['Nubank'],Diadema SP,[],[],[],[],0
285,2021-05-10 14:48:57,"@marcoslonguini @RodrigoBuenoTV AtÃ© na Europa a Nike estÃ¡ fraca, vÃ¡rios times de ponta nÃ£o usam Nike.",['Nike'],Itapevi - SP,[],[],[],"[{'screen_name': 'marcoslonguini', 'name': 'Z.', 'id': 1134073321308508160, 'id_str': '1134073321308508160', 'indices': [0, 15]}, {'screen_name': 'RodrigoBuenoTV', 'name': 'Rodrigo Bueno', 'id': 45385616, 'id_str': '45385616', 'indices': [16, 31]}]",0
287,2021-05-10 14:49:59,meu sonho acabar logo o contrato do corinthians com a nike,['Nike'],â€Ø²ÙƒÙˆØ§Ø¯,[],[],[],[],0
288,2021-05-10 14:50:20,@_padueli @Victorgmo2_ @RicardoMenezess @RodrigoBuenoTV tu ja viu o preÃ§o de uma camisa da nike em reais?,['Nike'],None,[],[],[],"[{'screen_name': '_padueli', 'name': 'Gustavo Padueli', 'id': 1256419199938899975, 'id_str': '1256419199938899975', 'indices': [0, 9]}, {'screen_name': 'Victorgmo2_', 'name': 'Victorá¶œáµƒáµ', 'id': 1274462174635753479, 'id_str': '1274462174635753479', 'indices': [10, 22]}, {'screen_name': 'RicardoMenezess', 'name': 'Ric@rdo ğŸ”´âš«ï¸', 'id': 90640755, 'id_str': '90640755', 'indices': [23, 39]}, {'screen_name': 'RodrigoBuenoTV', 'name': 'Rodrigo Bueno', 'id': 45385616, 'id_str': '45385616', 'indices': [40, 55]}]",0
289,2021-05-10 14:50:53,@RodrigoBuenoTV CadÃª o Corinthians com a Nike?,['Nike'],Minha Casa,[],[],[],"[{'screen_name': 'RodrigoBuenoTV', 'name': 'Rodrigo Bueno', 'id': 45385616, 'id_str': '45385616', 'indices': [0, 15]}]",0
292,2021-05-10 14:57:44,"@maxsepz n porra, aqui a gente usa nike tbm pcr kkkkkk",['Nike'],aracaju,[],[],[],"[{'screen_name': 'maxsepz', 'name': 'max.', 'id': 1337390667711049730, 'id_str': '1337390667711049730', 'indices': [0, 8]}]",0
293,2021-05-10 14:35:42,"se espremer o universitÃ¡rio no final do semestre sai um caldo preto que Ã© uma mistura de cafÃ©, coca cola e Ã³dio",['Coca cola'],None,[],[],[],"[{'screen_name': 'unbsincera', 'name': 'UnB Sincera', 'id': 1265727126550044674, 'id_str': '1265727126550044674', 'indices': [3, 14]}]",0
294,2021-05-10 14:36:51,@RodrigoBuenoTV A Nike me parece n tÃ¡ querendo se envolver MT em time de futebol sÃ³ quer os tradicionais dela msm,['Nike'],"Cariacica, ES",[],[],[],"[{'screen_name': 'RodrigoBuenoTV', 'name': 'Rodrigo Bueno', 'id': 45385616, 'id_str': '45385616', 'indices': [0, 15]}]",0
297,2021-05-10 14:46:19,@nubank como faÃ§o pra cancelar a conta? uso a tanto tempo e o limite nem sai do lugar,['Nubank'],Recife,[],[],[],"[{'screen_name': 'nubank', 'name': 'Nubank', 'id': 2319390320, 'id_str': '2319390320', 'indices': [0, 7]}]",0
299,2021-05-10 14:50:36,"Ã“timo que o @nubank resolveu ficar instÃ¡vel hoje, bem no dia de pagar boleto.",['Nubank'],None,[],[],[],"[{'screen_name': 'nubank', 'name': 'Nubank', 'id': 2319390320, 'id_str': '2319390320', 'indices': [12, 19]}]",0
300,2021-05-10 14:52:13,"entÃ£o eu tÃ´ suplicando por ajuda porque eu corro risco de vida e eu preciso muito da ajuda de vocÃªs para comprar os medicamentos eu nÃ£o sei se eu vou aguentar ser forte...

ğŸ”´NUBANK PIX:
Nathalia.pessoa.2013@gmail.com

ğŸ”´PICPAY: @/Nahnathy

ğŸ”´ ITAU:
AgÃªncia: 8058
Conta: 18960-9",['Nubank'],Hogsmeade,[],[],[],"[{'screen_name': 'Nahnathy_', 'name': 'âš ï¸AJUDE A NATHALIAâš ï¸', 'id': 1234008773167132672, 'id_str': '1234008773167132672', 'indices': [3, 13]}]",0
301,2021-05-10 14:53:03,entğŸ’vcğŸ’ prefere ğŸ’nike ğŸ’?,['Nike'],"Santa Catarina, Brasil",[],[],[],[],0
307,2021-05-10 14:39:48,Tem uma coca cola no meu rato,['Coca cola'],bh,[],[],[],[],0
308,2021-05-10 14:41:05,"to indecisa lacoste ou nike, fodase eu vou gastar",['Nike'],"Tremp, EspaÃ±a",[],[],[],[],0
313,2021-05-10 14:51:33,"As crianÃ§as tem pais e mÃ£es que ficam em cima. Frequentam a igreja. Mas trabalham 10h por dia. E a boca de fumo tÃ¡ na porta. E o traficante tÃ¡ portando AK47 e fazendo bonito. Pagando coca cola e esbanjando vida boa. 

Ã‰ desleal.",['Coca cola'],"Rio Branco, Acre",[],[],[],"[{'screen_name': 'olabocos', 'name': 'Debs', 'id': 958510631967129600, 'id_str': '958510631967129600', 'indices': [3, 12]}]",0
318,2021-05-10 14:45:11,Demorando super para cair esse pagamento da nubank pqp!,['Nubank'],"NiterÃ³i, RJ",[],[],[],[],0
322,2021-05-10 14:52:59,comprei todo meu carrinho da shein e meu desÃ¢nimo existencial nÃ£o passou,['SHEIN'],None,[],[],[],[],0
323,2021-05-10 14:54:23,"@nubank O app ta apresentando instabilidade aqui, algum problema na plataforma ou devo me preocupar com o meu app e conta pessoal mesmo?",['Nubank'],"BelÃ©m, Brasil",[],[],[],"[{'screen_name': 'nubank', 'name': 'Nubank', 'id': 2319390320, 'id_str': '2319390320', 'indices': [0, 7]}]",0
329,2021-05-10 14:41:41,"coca cola tÃ¡ comeÃ§ando a me fazer mal, toda vez q bebo sinto uma dor forte na barriga",['Coca cola'],None,[],[],[],[],0
330,2021-05-10 14:42:54,"maior roubado da vida esse smartphone, me ajude Xiaomi ğŸ¤¡",['Xiaomi'],None,[],[],[],[],0
338,2021-05-10 14:40:33,@l_cocate Eu gosto dms de adidas Nike tem uns tÃªnis feio dms,['Nike'],Guarapuava PR,[],[],[],"[{'screen_name': 'l_cocate', 'name': 'cocate', 'id': 1230544319599271936, 'id_str': '1230544319599271936', 'indices': [0, 9]}]",0
340,2021-05-10 14:46:46,Toda vez q eu quero tomar coca cola minha mÃ£e me lembra da celulite aÃ­ eu desisto,['Coca cola'],"BrasÃ­lia, Brasil",[],[],[],[],0
341,2021-05-10 14:47:25,perdi meu casaco da nike e o do flamengo kkkkk,['Nike'],Angra dos Reis ğŸŒ´,[],[],[],[],0
343,2021-05-10 14:52:14,sem um puto no bolso e comprando roupa na shein,['SHEIN'],21,[],[],[],[],0
347,2021-05-10 14:36:12,"pedi os treco na shein,agora so esperar 37 anos p chegar meus treco",['SHEIN'],"CuiabÃ¡, Brasil",[],[],[],[],0
349,2021-05-10 14:38:15,"@Brendinhakonig Eu sÃ³ uso Nike e Puma, Adidas sÃ³ camisa de time mesmo kkk",['Nike'],"Praia Grande, Brasil",[],[],[],"[{'screen_name': 'Brendinhakonig', 'name': 'Brendinha', 'id': 1274867376119590916, 'id_str': '1274867376119590916', 'indices': [0, 15]}]",0
351,2021-05-10 14:45:20,@GuuuuhSantana @nubank duvidei do melhor man,['Nubank'],"GuarujÃ¡, Brasil",[],[],[],"[{'screen_name': 'GuuuuhSantana', 'name': 'AGOSTUV', 'id': 2782824163, 'id_str': '2782824163', 'indices': [0, 14]}, {'screen_name': 'nubank', 'name': 'Nubank', 'id': 2319390320, 'id_str': '2319390320', 'indices': [15, 22]}]",0
355,2021-05-10 14:53:58,"a saia q eu pedi da shein chegou mas a calÃ§a q eu pedi 20 dias antes ainda n, qual o sentido",['SHEIN'],"CuiabÃ¡, Brasil",[],[],[],[],0
356,2021-05-10 14:56:39,"CÃªs sabem onde eu encontro blusinha de gola alta por aqui?! Ok, gente. Eu sei que a SHEIN tem. Mas enfim. Algum lugar aqui vende?",['SHEIN'],22,[],[],[],[],0
364,2021-05-10 14:50:35,"@LuhQuennehen vocÃª pode ser minha assistente ğŸ¤ª
pago 2 cent o dia
sim trabalho escravo que nem na shein",['SHEIN'],Loonaverse,[],[],[],"[{'screen_name': 'LuhQuennehen', 'name': 'luh quennehen', 'id': 1205684381609799680, 'id_str': '1205684381609799680', 'indices': [0, 13]}]",0
367,2021-05-10 14:38:49,NUBANK EU TE ODEIO ğŸ˜­,['Nubank'],None,[],[],[],[],0
372,2021-05-10 14:52:44,"Se nÃ£o existisse Coca-Cola minha missÃ£o de parar de tomar refrigerante seria muito mais fÃ¡cil.
NÃ£o dÃ¡, Ã©o GOAT dos refrigerantes",['Coca-cola'],"Sete Lagoas, Brasil",[],[],[],[],0
376,2021-05-10 14:58:12,@spfczara nunca vou superar ele ter largado a nike,['Nike'],"SÃ£o Paulo, Brasil",[],[],[],"[{'screen_name': 'spfczara', 'name': 'Zara', 'id': 1213615837631799297, 'id_str': '1213615837631799297', 'indices': [0, 9]}]",0
385,2021-05-10 14:41:02,"Eai shein, vai soltar minhas roupas nÃ£o ???",['SHEIN'],no mundÃ£o,[],[],[],[],0
387,2021-05-10 14:43:30,"Nubank, pare de me oferecer seguro de vida e me ofereÃ§a um emprÃ©stimo ğŸ˜©",['Nubank'],"Salvador, Brasil",[],[],[],[],0
391,2021-05-10 14:45:25,JÃ¡ tÃ¡ chato essas notificaÃ§Ãµes do @nubank oferendo seguro de vida,['Nubank'],BH-MG,[],[],[],"[{'screen_name': 'nubank', 'name': 'Nubank', 'id': 2319390320, 'id_str': '2319390320', 'indices': [34, 41]}]",0
392,2021-05-10 14:47:30,@RodrigoBuenoTV Os que vestem nike estÃ£o na sula,['Nike'],"SÃ£o Paulo, Brasil",[],[],[],"[{'screen_name': 'RodrigoBuenoTV', 'name': 'Rodrigo Bueno', 'id': 45385616, 'id_str': '45385616', 'indices': [0, 15]}]",0
394,2021-05-10 14:50:47,@isabollalauck mas a shein nÃ£o Ã© a terra do cropped e do shortinho???????????,['SHEIN'],None,[],[],[],"[{'screen_name': 'isabollalauck', 'name': 'ğ”Ÿğ”¢ğ”©ğ”©', 'id': 4691319571, 'id_str': '4691319571', 'indices': [0, 14]}]",0
395,2021-05-10 14:52:02,"AtualizaÃ§Ã£o do caso @AliExpressBR 
Entrei em contato c o suporte, q falou em mudanÃ§as no app e me pediu um e-mail p fazer uma atualizaÃ§Ã£o. Disse q meu caso se resolveria em 24 a 48h e q eu tentasse novamente comprar neste prazo... o chat foi ambiguo, n sei se irÃ£o resolver de vdd",[],"gabs, lali & fer",[],[],[],"[{'screen_name': 'amendoline', 'name': 'aline tem um autÃ³grafo do yibo', 'id': 1128831450898456581, 'id_str': '1128831450898456581', 'indices': [3, 14]}, {'screen_name': 'AliExpressBR', 'name': 'AliExpress Brasil', 'id': 1243015536, 'id_str': '1243015536', 'indices': [36, 49]}]",0
396,2021-05-10 14:53:03,"@EmilioSandro3 @DaniellMrC E o POCO phone, que Ã© o top da Xiaomi ele tem uma bateria de 7000 mah",['Xiaomi'],None,[],[],[],"[{'screen_name': 'EmilioSandro3', 'name': 'Sandro EmÃ­lio', 'id': 1048538688706269184, 'id_str': '1048538688706269184', 'indices': [0, 14]}, {'screen_name': 'DaniellMrC', 'name': 'mqo neoliberal', 'id': 107856897, 'id_str': '107856897', 'indices': [15, 26]}]",0
397,2021-05-10 14:53:20,Hj vai ser sÃ³ coca cola. Ressaca da desgrama vei,['Coca cola'],None,[],[],[],[],0
401,2021-05-10 14:42:02,AI MEU CARTÃƒO DE CRÃ‰DITO QUE NÃƒO CAI O DINHEIRO NUNCA VA TOMAR NO CU @nubank,['Nubank'],GuaratinguetÃ¡,[],[],[],"[{'screen_name': 'nubank', 'name': 'Nubank', 'id': 2319390320, 'id_str': '2319390320', 'indices': [69, 76]}]",0
402,2021-05-10 14:43:47,"@camillebaleeir3 VocÃª tem iphone, nÃ£o anda com xiaomi",['Xiaomi'],None,[],[],[],"[{'screen_name': 'camillebaleeir3', 'name': 'camille baleeiro ğŸ¤ª', 'id': 1353893505551233024, 'id_str': '1353893505551233024', 'indices': [0, 16]}]",0
406,2021-05-10 14:52:36,"@vidalet_ @v_montechiari Sim

Camisa do Flamengo da Uruguaiana 
Bermuda korova 
TÃªnis Nike",['Nike'],None,[],[],[],"[{'screen_name': 'vidalet_', 'name': 'ana bia', 'id': 1648549243, 'id_str': '1648549243', 'indices': [0, 9]}, {'screen_name': 'v_montechiari', 'name': 'Vince', 'id': 3971602077, 'id_str': '3971602077', 'indices': [10, 24]}]",0
408,2021-05-10 15:20:00,@lekinhobala Vc disse que todos os seus manos estÃ£o de nike no pÃ© mas eu nÃ£o estou entÃ£o desculpa por quebrar a corrente de mano com nike,['Nike'],None,[],[],[],"[{'screen_name': 'lekinhobala', 'name': 'tegaboy #residentevilvillage', 'id': 1279985811698651136, 'id_str': '1279985811698651136', 'indices': [0, 12]}]",0
411,2021-05-10 15:23:36,Nubank perdeu a noÃ§Ã£o me dando limite alto no crÃ©dito kkkkkkkkkkkkkkk,['Nubank'],"TaubatÃ©, Brasil",[],[],[],[],0
417,2021-05-10 15:24:33,"@RodrigoBuenoTV Caralho.. gosto tanto das chuteiras da nike, estÃ£o me preocupando ğŸ˜”",['Nike'],"Rio de Janeiro, Brasil",[],[],[],"[{'screen_name': 'RodrigoBuenoTV', 'name': 'Rodrigo Bueno', 'id': 45385616, 'id_str': '45385616', 'indices': [0, 15]}]",0
418,2021-05-10 15:26:49,"Nao sei quem ta mais cansada de ficar alterando a senha porque esqueci, eu ou o nubank",['Nubank'],Hogwarts,[],[],[],[],0
422,2021-05-10 15:31:34,Eu preciso acabar com um vicio chamado: coca cola,['Coca cola'],"Rio de Janeiro, Brasil",[],[],[],[],0
426,2021-05-10 15:34:42,vei as coisa da shein chega nunk,['SHEIN'],MauÃ¡,[],[],[],[],0
427,2021-05-10 15:34:44,"@futebol_info @S7_ofcc @AtaqueMarketing Rapaz, a Nike abandonou o futebol sul-americano",['Nike'],"JacarepaguÃ¡, Rj",[],[],[],"[{'screen_name': 'futebol_info', 'name': 'Planeta do Futebol ğŸŒ', 'id': 193500696, 'id_str': '193500696', 'indices': [0, 13]}, {'screen_name': 'S7_ofcc', 'name': 'S7 ğŸ§ğŸ§™ğŸ½\u200dâ™‚ï¸', 'id': 1167613164151857152, 'id_str': '1167613164151857152', 'indices': [14, 22]}, {'screen_name': 'AtaqueMarketing', 'name': 'Ataque Marketing Esportivo', 'id': 121522082, 'id_str': '121522082', 'indices': [23, 39]}]",0
430,2021-05-10 15:40:16,@ulttmaknae VEI MINHAS COMPRAS DA SHEIN TAO LA FAZ 5 DIAS QUE ODIO UNFERNO CU BUCETA,['SHEIN'],â€¢ ela/dela,[],[],[],"[{'screen_name': 'ulttmaknae', 'name': 'ğŸ–•', 'id': 3837954861, 'id_str': '3837954861', 'indices': [0, 11]}]",0
441,2021-05-10 15:39:01,"TÃ´ aqui escolhendo uma lingeries na shein e tÃ´ chorando, como eu queria ter mto dinheiro p comprar tudo ğŸ˜¢",['SHEIN'],Protegida por Deus,[],[],[],[],0
443,2021-05-10 15:45:06,"@lctbl10 Nike ou Puma, adidas tÃ¡ deixando a desejar p crl. Uniforme tudo igual pelo mundo",['Nike'],None,[],[],[],"[{'screen_name': 'lctbl10', 'name': 'lucas lirağŸ¤´ğŸ¾', 'id': 2871564865, 'id_str': '2871564865', 'indices': [0, 8]}]",0
445,2021-05-10 15:48:23,A Nike desistiu da AmÃ©rica do Sul?,['Nike'],Brasil,[],[],[],"[{'screen_name': 'cronistaesporte', 'name': 'Tiago Ferreira', 'id': 155419031, 'id_str': '155419031', 'indices': [3, 19]}]",0
446,2021-05-10 15:53:58,preciso pagar meus boletos @nubank e o serviÃ§o de pagamento de boleto tÃ¡ fora do ar??? S.O.S,['Nubank'],"blackreach, skyrim",[],[],[],"[{'screen_name': 'nubank', 'name': 'Nubank', 'id': 2319390320, 'id_str': '2319390320', 'indices': [27, 34]}]",0
447,2021-05-10 15:53:25,atÃ© o nubank tÃ¡ coisado,['Nubank'],Juiz de Fora,[],[],[],[],0
453,2021-05-10 15:23:38,eu entendi isso ksksksskkskszksk enfim a era otaku vindo,[],None,[],[],[],"[{'screen_name': 'doidine_', 'name': 'áµˆá¶¦â¿áµ‰', 'id': 1486301360, 'id_str': '1486301360', 'indices': [3, 12]}]",0
454,2021-05-10 15:25:17,"Meu app da Nubank ta com um bug estranho na hora de pagar boletos, eu em",['Nubank'],Narnia,[],[],[],[],0
455,2021-05-10 15:25:55,Sou muito viciada em Coca cola ğŸ˜¥,['Coca cola'],Rio de Janeiro,[],[],[],[],0
458,2021-05-10 15:30:01,"- â€œNike 12 mola Ã© feioâ€ 
por: Vans, usuÃ¡rio. Ã“leo sobre tela. 2021",['Nike'],"JacarÃ©, serra ",[],[],[],"[{'screen_name': 'PedroSeschini', 'name': 'ğ–•ğ–Šğ–‰ğ–—ğ–”ğ–˜ğ–Šğ–˜ğ–ˆğ–ğ–ğ–“ğ– ğŸ©¸ğŸ‰', 'id': 4013112622, 'id_str': '4013112622', 'indices': [3, 17]}]",0
462,2021-05-10 15:44:24,Coca cola Ã© tÃ£o ruim credo maldito covid me tirou uma paixÃ£o,['Coca cola'],lÃ¡ mesmo,[],[],[],[],0
463,2021-05-10 15:46:26,Aplicativo do @nubank mais lento que Celta 1.0 na subida com ar ligado. ImpossÃ­vel pagar um boleto,['Nubank'],None,[],[],[],[],0
464,2021-05-10 15:47:21,@JahgoDomingues @marcoslonguini @RodrigoBuenoTV @adidasbrasil @underarmourbr @pumabrasil @Nike nike sÃ³ manda bem em camisa de seleÃ§Ã£o,['Nike'],SÃ£o Paulo/Franco da Rocha,[],[],[],"[{'screen_name': 'Alfredobrincad1', 'name': 'Alfredo felipe', 'id': 1369454908274057218, 'id_str': '1369454908274057218', 'indices': [3, 19]}, {'screen_name': 'JahgoDomingues', 'name': 'Jahgodomingues', 'id': 289089271, 'id_str': '289089271', 'indices': [21, 36]}, {'screen_name': 'marcoslonguini', 'name': 'Z.', 'id': 1134073321308508160, 'id_str': '1134073321308508160', 'indices': [37, 52]}, {'screen_name': 'RodrigoBuenoTV', 'name': 'Rodrigo Bueno', 'id': 45385616, 'id_str': '45385616', 'indices': [53, 68]}, {'screen_name': 'adidasbrasil', 'name': 'adidasbrasil', 'id': 42894971, 'id_str': '42894971', 'indices': [69, 82]}, {'screen_name': 'underarmourbr', 'name': 'Under Armour Brasil', 'id': 2327577853, 'id_str': '2327577853', 'indices': [83, 97]}, {'screen_name': 'pumabrasil', 'name': 'pumabrasil', 'id': 281551749, 'id_str': '281551749', 'indices': [98, 109]}, {'screen_name': 'Nike', 'name': 'Nike', 'id': 415859364, 'id_str': '415859364', 'indices': [110, 115]}]",0
466,2021-05-10 15:49:53,jÃ¡ solicitei nÃ£o sei quantos pedidos pra nubank os estagiÃ¡rios devem me odiar,['Nubank'],None,[],[],[],[],0
467,2021-05-10 15:49:49,n gnt fui provar minhas roupas da shein ficaram tds um lixo,['SHEIN'],None,[],[],[],[],0
472,2021-05-10 16:05:37,"to saudÃ¡vel sim porra 
sÃ³ tomei um copo de coca cola hoje mas tÃ´ saudÃ¡vel",['Coca cola'],None,[],[],[],[],0
473,2021-05-10 15:27:34,@Domingo3609 @escolanosense eles nn entendem a geraÃ§Ã£o coca-cola âœŠğŸ»âœŠğŸ»âœŠğŸ»âœŠğŸ»,['Coca-cola'],"Hawkins, Indiana",[],[],[],"[{'screen_name': 'Domingo3609', 'name': 'JoÃ£o', 'id': 1097897626287124481, 'id_str': '1097897626287124481', 'indices': [0, 12]}, {'screen_name': 'escolanosense', 'name': 'Coisas que sÃ³ acontecem na escola brasileira', 'id': 1293674715773640704, 'id_str': '1293674715773640704', 'indices': [13, 27]}]",0
474,2021-05-10 15:29:24,Blusa da Adidas e mochila da Nike ğŸ¤¦ğŸ»â€â™€ï¸ğŸ¤£ğŸ¤£ğŸ¤£,['Nike'],Completo da serrinha,[],[],[],[],0
475,2021-05-10 15:33:37,"chegou uma encomenda aqui em casa,eu tava mÃ³ feliz achando q era minhas roupas da shein,mas nemm",['SHEIN'],sina is too famous for me,[],[],[],[],0
476,2021-05-10 15:34:48,"""Coca cola faz mal"" 

entendi *abrindo uma latinha de coca cola*",['Coca cola'],ğğ€ğğ†ğ“ğ–ğˆğ‚ğ„ ğŸ’,[],[],[],[],0
481,2021-05-10 15:55:47,Gente as roupas de vocÃªs tambÃ©m somem??? Eu lembro de umas roupas do nada e percebo que elas simplesmente desapareceram,[],None,[],[],[],[],0
482,2021-05-10 15:57:38,"Tenho quase certeza que a Nike concentra todo o design deles sÃ³ no PSG e deixa os estagiÃ¡rios cuidando dos outros times, nÃ£o Ã© possÃ­vel kkkkkkkk",['Nike'],None,[],[],[],"[{'screen_name': 'felipevalenteee', 'name': 'Valente', 'id': 1117646050767114241, 'id_str': '1117646050767114241', 'indices': [3, 19]}]",0
484,2021-05-10 15:57:52,todo dia eu pedindo pro nubank aumentar meu limite sem poder comprar nada ğŸ¤¡,['Nubank'],ğ”¤ğ”¥ğ”¬ğ”°ğ”± ğ” ğ”¦ğ”±ğ”¶,[],[],[],[],0
485,2021-05-10 15:59:20,"@JoJoneS61 Uma cobra te morde se tu bota bermuda da Nike? NÃ£o entendi, me explica pfv",['Nike'],Perguntei?,[],[],[],"[{'screen_name': 'JoJoneS61', 'name': 'Acervo Vivizinha Br (JoJoneS ğŸŒ)', 'id': 859195792338374656, 'id_str': '859195792338374656', 'indices': [0, 10]}]",0
486,2021-05-10 16:00:13,q dinheiro nubank plmdds eu n tenho nem 2 reais,['Nubank'],"... ! ginny & luna ? oh right they're my daily dose of serotonin, i LOVE them Â¡!",[],[],[],[],0
491,2021-05-10 15:32:13,"Eu fazendo a sacola da shein: ğŸ¥°ğŸ˜ğŸ¤©ğŸ˜˜ğŸ˜›ğŸ˜œğŸ¥°
Eu lembrando que nÃ£o tenho dinheiro: ğŸ˜ªğŸ˜³ğŸ˜­ğŸ˜±ğŸ˜”ğŸ¤§",['SHEIN'],"Pelotas, Brasil",[],[],[],[],0
492,2021-05-10 15:32:17,@Fernandalves25 Eu nem toquei no meu esse mÃªs ğŸ˜­ğŸ˜­ğŸ˜­ğŸ˜­ sÃ³ queria poder gastar meu salÃ¡rio todo em roupa na shein,['SHEIN'],"MaringÃ¡, Brasil",[],[],[],"[{'screen_name': 'Fernandalves25', 'name': 'fer', 'id': 1035733104982409216, 'id_str': '1035733104982409216', 'indices': [0, 15]}]",0
493,2021-05-10 15:37:39,"@mathiasrb Ã´ loco, q tu limpa com coca cola?",['Coca cola'],"Porto Alegre, Brasil",[],[],[],"[{'screen_name': 'mathiasrb', 'name': 'Mathias CaÃ±o', 'id': 211029551, 'id_str': '211029551', 'indices': [0, 10]}]",0
495,2021-05-10 15:40:37,se minhas roupinhas da nike nÃ£o chegarem eu vo me mata.,['Nike'],Farroupilha - RS,[],[],[],[],0
496,2021-05-10 15:45:21,xiaomi nunca mais que dor de cabeÃ§a,['Xiaomi'],â €â € â €  â €â €    âŠ¹ â‹†ï¾Ÿê’°à° â™¡ à»’ê’± â‹†ï¾ŸâŠ¹,[],[],[],[],0
498,2021-05-10 15:47:03,ImpressÃ£o minha ou o @nubank estÃ¡ com problemas pra processar pagamentos?,['Nubank'],Rio de Janeiro - Brasil,[],[],[],"[{'screen_name': 'nubank', 'name': 'Nubank', 'id': 2319390320, 'id_str': '2319390320', 'indices': [21, 28]}]",0
501,2021-05-10 15:52:24,"@lj_gfbpa Nike, com certeza",['Nike'],"Curitiba, Brazil",[],[],[],"[{'screen_name': 'lj_gfbpa', 'name': 'LJğŸ‡ªğŸ‡ª', 'id': 1338188036216074240, 'id_str': '1338188036216074240', 'indices': [0, 9]}]",0
502,2021-05-10 15:54:56,ta me perguntando Nike ou adidas pq fdp vai me dar?,['Nike'],None,[],[],[],[],0
503,2021-05-10 15:54:53,@futebol_info @AtaqueMarketing Ah se meu tricolor fechasse c a nike em ğŸ˜¥,['Nike'],"SÃ£o Paulo, SP",[],[],[],"[{'screen_name': 'futebol_info', 'name': 'Planeta do Futebol ğŸŒ', 'id': 193500696, 'id_str': '193500696', 'indices': [0, 13]}, {'screen_name': 'AtaqueMarketing', 'name': 'Ataque Marketing Esportivo', 'id': 121522082, 'id_str': '121522082', 'indices': [14, 30]}]",0
505,2021-05-10 16:02:38,shein obg por tudo,['SHEIN'],maclaren's pub,[],[],[],[],0
508,2021-05-10 15:21:24,"Meu Deus do cÃ©u @nubank me deixa pagar meus boletos, meu amor. Sistema completamente lento e travado hoje.",['Nubank'],Rio de Janeiro,[],[],[],"[{'screen_name': 'nubank', 'name': 'Nubank', 'id': 2319390320, 'id_str': '2319390320', 'indices': [16, 23]}]",0
515,2021-05-10 15:36:45,"Meu cÃ©rebro precisa entender o acesso ao BrÃ¡s, divi, mas sÃ³ vai no site da Nike, adidas e da live p conjunto fit ğŸ˜­",['Nike'],"Lagoa da Prata, Brasil",[],[],[],[],0
518,2021-05-10 15:37:42,"sÃ³ sei de uma coisa celular da xiaomi nunca mais pqp
no comeÃ§o eu amava mas agora tÃ¡ pura porcaria essa miui 12",['Xiaomi'],None,[],[],[],[],0
520,2021-05-10 15:39:18,Q Nike boy usa coisa fala des de quando isso,['Nike'],None,[],[],[],[],0
522,2021-05-10 15:40:12,finalmente achei uma troxa pra pagar meu carrinho da shein (eu),['SHEIN'],Itabira,[],[],[],[],0
525,2021-05-10 15:45:27,a minha primeira compra da shein nem chegou e eu querendo que a segunda chegue.ğŸ¤¡,['SHEIN'],"Los Angeles, CA",[],[],[],[],0
528,2021-05-10 15:48:03,"@_erickjunio padrÃ£o nike, feia de doer",['Nike'],ğŸ”º,[],[],[],"[{'screen_name': '_erickjunio', 'name': 'Erick', 'id': 1493061656, 'id_str': '1493061656', 'indices': [0, 12]}]",0
529,2021-05-10 15:49:14,queria comprar tudo que eu coloco no carrinho da shein ğŸ˜”,['SHEIN'],ğŸ“018,[],[],[],[],0
530,2021-05-10 15:52:15,@_erickjunio a nike tÃ¡ perdendo atÃ© pra umbro,['Nike'],ğŸ”º,[],[],[],"[{'screen_name': '_erickjunio', 'name': 'Erick', 'id': 1493061656, 'id_str': '1493061656', 'indices': [0, 12]}]",0
531,2021-05-10 15:50:33,@maluzenhx a mina usa allstar e quer falar de nike kkkkkkkkkkkkkkkkkkkkkkkkkkkkkkkkkkkkkkkkkkkkkkkkkkkkkkkkkkkkkkkkkkkkkkkkkkkkkkkk,['Nike'],None,[],[],[],"[{'screen_name': 'maluzenhx', 'name': 'maluzita â˜½â˜¾', 'id': 1175402939244003329, 'id_str': '1175402939244003329', 'indices': [0, 10]}]",0
533,2021-05-10 15:50:17,"Se eu nÃ£o brotar de Nike 
Vou brotar de Versace",['Nike'],sm - rsğŸŒ´,[],[],[],[],0
536,2021-05-10 15:57:22,o app da nubank de vcs tÃ¡ abrindo????,['Nubank'],"SÃ£o LuÃ­s, Brasil",[],[],[],[],0
538,2021-05-10 15:59:14,@futebol_info @AtaqueMarketing Nike sÃ³ tem o atlÃ©tico nacional q isso,['Nike'],27,[],[],[],"[{'screen_name': 'futebol_info', 'name': 'Planeta do Futebol ğŸŒ', 'id': 193500696, 'id_str': '193500696', 'indices': [0, 13]}, {'screen_name': 'AtaqueMarketing', 'name': 'Ataque Marketing Esportivo', 'id': 121522082, 'id_str': '121522082', 'indices': [14, 30]}]",0
539,2021-05-10 16:01:27,e o nubank q simplesmente nÃ£o me deixa pagar o meu pedido ğŸ¤¡ğŸ¤¡ğŸ¤¡ğŸ¤¡,['Nubank'],Looking at the same moon as we speak I always hope youâ€™re happy I say to the night sky till it wears away just listen to me for one more day,[],[],[],[],0
541,2021-05-10 16:02:21,@renjunglittr e o nubank q nÃ£o me deixa ter um cartÃ£o ğŸ¤¡,['Nubank'],ä»ä¿Š â™¥ï¸ é”Ÿ â™¥ï¸ æ‰¬æ‰¬,[],[],[],"[{'screen_name': 'renjunglittr', 'name': 'Ê€ Êœ á´€ Ê â˜€ï¸ THE MOON', 'id': 942929914843549696, 'id_str': '942929914843549696', 'indices': [0, 13]}]",0
542,2021-05-10 16:04:02,nunca mais tomo coca cola na minha vida eu tÃ´ passando muito mal com dor no estÃ´mago,['Coca cola'],eve,[],[],[],[],0
544,2021-05-10 16:04:56,"Eu tÃ´ fodido com a shein ğŸ¤¦
Agora meu status Ã©
SalÃ¡rio em 
50% no meu ap
50% em compras na shein",['SHEIN'],Brasil,[],[],[],[],0
548,2021-05-10 15:26:47,"@raissahr Amiga, nubank Ã© o meu atual, mas tÃ´ precisando de um com limite maior",['Nubank'],"Rio de Janeiro, Brasil",[],[],[],"[{'screen_name': 'raissahr', 'name': 'Roteirista premiada no Raiverso', 'id': 1329129798086631432, 'id_str': '1329129798086631432', 'indices': [0, 9]}]",0
551,2021-05-10 15:34:18,"isso mesmo fÃªmea continua diminuindo qm usa cropped e short 
TÃ¡ lindo, mesmo
Amo seu estilo diferenciado 
ğŸ’«sheinğŸ’«",['SHEIN'],"Cajati, Brasil",[],[],[],"[{'screen_name': 'volality', 'name': 'Lollitisia', 'id': 815236379856830464, 'id_str': '815236379856830464', 'indices': [3, 12]}]",0
552,2021-05-10 15:34:29,Banco inter Ã© mil vezes melhor que o nubank sem dÃºvidas,['Nubank'],None,[],[],[],[],0
553,2021-05-10 15:35:21,mo vontade de vender meu shorts saia da nike,['Nike'],baixada sancria,[],[],[],[],0
555,2021-05-10 15:39:12,"@junioraas @RodrigoBuenoTV Acho que esse raciocÃ­nio nÃ£o procede.
Deixou o Boca, o Internacional aqui... na Europa hÃ¡ alguns anos deixou o United, Juventus,  City, Porto. Ao mesmo tempo,  gastou os tubos pra se manter no Barcelona. Sinceramente,  nÃ£o consegui entender a estratÃ©gia da Nike.",['Nike'],None,[],[],[],"[{'screen_name': 'mfsant', 'name': 'Marcos SANTOS', 'id': 55060766, 'id_str': '55060766', 'indices': [3, 10]}, {'screen_name': 'junioraas', 'name': 'JÃºnior-AAS', 'id': 216738628, 'id_str': '216738628', 'indices': [12, 22]}, {'screen_name': 'RodrigoBuenoTV', 'name': 'Rodrigo Bueno', 'id': 45385616, 'id_str': '45385616', 'indices': [23, 38]}]",0
556,2021-05-10 15:40:26,As roupas (masculinas) dessa shein aÃ­ sÃ£o moh sem graÃ§a kkkkk prefiro o brechozao de mainha,['SHEIN'],None,[],[],[],[],0
558,2021-05-10 15:57:02,@loureno6duda TÃ´ querendo comprar na shein e to com medo tmb kkkkkkkkk,['SHEIN'],None,[],[],[],"[{'screen_name': 'loureno6duda', 'name': 'Eduarda', 'id': 1010578923040669696, 'id_str': '1010578923040669696', 'indices': [0, 13]}]",0
560,2021-05-10 16:00:01,NÃ£o tÃ´ conseguindo redefinir minha senha do @nubank ğŸ˜¢,['Nubank'],"Fortaleza, Brasil",[],[],[],"[{'screen_name': 'nubank', 'name': 'Nubank', 'id': 2319390320, 'id_str': '2319390320', 'indices': [44, 51]}]",0
563,2021-05-10 16:01:38,"Queria me ver de Henna, mas morro de medo de ficar com dois sÃ­mbolos da Nike na cara",['Nike'],ItaiÃ³polis,[],[],[],[],0
564,2021-05-10 16:02:36,@diegosudariop Os nike shox que eu tive todos 4 mola.,['Nike'],"ParobÃ©, Brasil",[],[],[],"[{'screen_name': 'diegosudariop', 'name': 'ğŸ‡²ğŸ‡¨ğŸ‡ªğŸ‡¦ParÃ§a do NeymarğŸ‡ªğŸ‡¦ ğŸ‡²ğŸ‡¨', 'id': 3070642708, 'id_str': '3070642708', 'indices': [0, 14]}]",0
567,2021-05-10 16:05:37,@reporterlacerda Estranho Ã© a nike com tÃ£o poucos clubes. Comodismo ou propostas ruins que ninguÃ©m quer!?,['Nike'],None,[],[],[],"[{'screen_name': 'reporterlacerda', 'name': 'Carlos Lacerda', 'id': 152462302, 'id_str': '152462302', 'indices': [0, 16]}]",0
568,2021-05-10 15:21:13,vsf o nike court vision Ã© idÃªntico ao air force 1,['Nike'],ÍÍ Í          ÍÍ Í,[],[],[],[],0
569,2021-05-10 15:20:24,"@SpfcFrustraca0 @OPedrinkkj Eu trocaria a chuteira, acho Adidas mtooo melhor e a bola, as da Nike sÃ£o fodas",['Nike'],None,[],[],[],"[{'screen_name': 'SpfcFrustraca0', 'name': 'SPFC DA FRUSTRAÃ‡ÃƒO', 'id': 1196902371600863232, 'id_str': '1196902371600863232', 'indices': [0, 15]}, {'screen_name': 'OPedrinkkj', 'name': 'PedroË¢áµ–á¶ á¶œğŸ¦ŠğŸ‡¾ğŸ‡ªğŸ§™\u200dâ™‚ï¸', 'id': 1355986957369827337, 'id_str': '1355986957369827337', 'indices': [16, 27]}]",0
572,2021-05-10 15:21:39,"@CEROLZERA eu ia comeÃ§ar a chorar, depois falaria: qual foi boquinha de nike, faz a boa e me contrata pro FX?",['Nike'],"MaranhÃ£o, Brasil",[],[],[],"[{'screen_name': 'CEROLZERA', 'name': 'Cerol', 'id': 1216971385777664005, 'id_str': '1216971385777664005', 'indices': [0, 10]}]",0
573,2021-05-10 15:22:07,@felipevinha @nubank Minha mÃ£e tbm n ta conseguindo,['Nubank'],"Rio de Janeiro, Brasil",[],[],[],"[{'screen_name': 'felipevinha', 'name': 'Vinha', 'id': 15201438, 'id_str': '15201438', 'indices': [0, 12]}, {'screen_name': 'nubank', 'name': 'Nubank', 'id': 2319390320, 'id_str': '2319390320', 'indices': [13, 20]}]",0
574,2021-05-10 15:22:28,"literalmente todo mundo da empresa sai pra fumar e eu saio pra comprar o halls e a coca cola kkkkkkk, vÃ­cio do caralho",['Coca cola'],None,[],[],[],[],0
575,2021-05-10 15:23:00,"@titannlol1 A tmncu, fight indo bem, TT olha pro time inimigo vÃª um boot da Nike e se joga",['Nike'],None,[],[],[],"[{'screen_name': 'titannlol1', 'name': 'Alexandre Lima', 'id': 2620241166, 'id_str': '2620241166', 'indices': [0, 11]}]",0
576,2021-05-10 15:31:25,"@RodrigoBuenoTV a muito tempo que a nike abandonou os clubes da america ja e tao focando sÃ³ nos ""grandes"" da europa, tipo psg ou barcelona",['Nike'],crf,[],[],[],"[{'screen_name': 'RodrigoBuenoTV', 'name': 'Rodrigo Bueno', 'id': 45385616, 'id_str': '45385616', 'indices': [0, 15]}]",0
577,2021-05-10 15:35:30,eu PRECISO parar de tomar coca cola,['Coca cola'],"Rio de Janeiro, Brasil",[],[],[],[],0
579,2021-05-10 15:45:41,"@xodozinho04 @Juanziin10 Vcs sÃ£o mÃ¡ influÃªncia, o certo Ã© nikeğŸ‘ğŸ¼",['Nike'],NiterÃ³i,[],[],[],"[{'screen_name': 'xodozinho04', 'name': 'xodÃ³ğŸ˜¼', 'id': 1365811495855140874, 'id_str': '1365811495855140874', 'indices': [0, 12]}, {'screen_name': 'Juanziin10', 'name': 'soneca', 'id': 1306147035721195521, 'id_str': '1306147035721195521', 'indices': [13, 24]}]",0
580,2021-05-10 15:47:07,Aumenta meu limite ai @nubank namoral qual foi?,['Nubank'],None,[],[],[],"[{'screen_name': 'nubank', 'name': 'Nubank', 'id': 2319390320, 'id_str': '2319390320', 'indices': [22, 29]}]",0
581,2021-05-10 15:47:45,demorei tanto p fazer comprinhas na shein q agr nada mai eh novidade todo mundo tem parece renner,['SHEIN'],SÃ£o Paulo - SP,[],[],[],[],0
585,2021-05-10 15:59:04,tristeza de chegar roupa da SHEIN e nÃ£o ficar bom,['SHEIN'],"Rio de Janeiro, Brasil",[],[],[],[],0
587,2021-05-10 15:59:28,Meu Nubank saiu sozinho da minha conta e agr eu nÃ£o consigo mais entrar e nÃ£o me enviaram o e-mail da senha,['Nubank'],None,[],[],[],[],0
588,2021-05-10 15:59:22,"NÃ£o coloquei que ele usa relÃ³gio CÃ¡ssio hÃ¡ anos.

ESQUECI de dizer que ele ANDA A CAVALO, come pÃ£o com Leite MoÃ§a, toma cafÃ© na casa dos eleitores dele e vai na comunidade OUVIR O POVO.

Sem contar que ele foi eleito fazendo vÃ­deos caseiro em uma mesa com toalha de pimentinha...",[],"Blumenau, Brasil",[],[],[],[],0
592,2021-05-10 15:21:05,@TikTokBrasil cadÃª meus 10 conto que mandei para o @nubank fazer favor nÃ©? 365 dias pra depositar Ã© osso.,['Nubank'],Natal,[],[],[],"[{'screen_name': 'TikTokBrasil', 'name': 'TikTok Brasil', 'id': 897168370742812672, 'id_str': '897168370742812672', 'indices': [0, 13]}, {'screen_name': 'nubank', 'name': 'Nubank', 'id': 2319390320, 'id_str': '2319390320', 'indices': [51, 58]}]",0
594,2021-05-10 15:24:49,Mais uma vez enganada com o tecido das roupas da sheinğŸ¤¡,['SHEIN'],Lagoa santa MG,[],[],[],[],0
595,2021-05-10 15:24:58,"@MussumAlive TÃ¡ doido, entrei nessa Shein, que preÃ§os absurdos.. kkk",['SHEIN'],None,[],[],[],"[{'screen_name': 'MussumAlive', 'name': 'Leandro Santos | Mussum Alive', 'id': 20771988, 'id_str': '20771988', 'indices': [0, 12]}]",0
596,2021-05-10 15:26:27,minhas compras da shein nao chegaram ainda eu vou chorar,['SHEIN'],"CaÃ§apava, Brasil",[],[],[],[],0
602,2021-05-10 15:36:09,o meu app do nubank nunca consegue ler o cÃ³digo de barras de boleto,['Nubank'],"Sao Paulo, Brazil",[],[],[],[],0
603,2021-05-10 15:37:20,@diabitta Tudo roupa da shein aliexpress e quer reclamar,['SHEIN'],None,[],[],[],"[{'screen_name': 'diabitta', 'name': 'ğšŒğšŠğš›ğš˜ğš•', 'id': 767050286, 'id_str': '767050286', 'indices': [0, 9]}]",0
604,2021-05-10 15:39:40,Como respeita um mlk que se intitula Nike boy? Kkkkkkk,['Nike'],"Santos, Brasil",[],[],[],[],0
609,2021-05-10 15:51:23,esse short foi feito pra deixa as mulheres estressadas isso sim kkkk,[],eva.ğŸ¥€ yan.ğŸ¥€ lorran.ğŸ¥€,[],[],[],"[{'screen_name': 'dudasantos__9', 'name': 'eduarda.ğŸ¦‹', 'id': 1333035428115599360, 'id_str': '1333035428115599360', 'indices': [3, 17]}]",0
613,2021-05-10 15:55:13,nÃ£o pode comprar na shein nÃ£o pode comprar na renner nÃ£o pode comprar na c&amp;a o novo conceito Ã© vestir folha de bananeira,['SHEIN'],sitcom lovebot ğŸ¡,[],[],[],[],0
614,2021-05-10 15:56:38,"que demora Ã© essa do @nubank pra contestar um pagamento, uns 5 dias jÃ¡",['Nubank'],MEU PAÃS ESPÃRITO SANTO,[],[],[],"[{'screen_name': 'nubank', 'name': 'Nubank', 'id': 2319390320, 'id_str': '2319390320', 'indices': [21, 28]}]",0
615,2021-05-10 15:59:00,@RodrigoBuenoTV Nike ta saindo do futebol aos poucos ..,['Nike'],"TeresÃ³polis, Brasil",[],[],[],"[{'screen_name': 'RodrigoBuenoTV', 'name': 'Rodrigo Bueno', 'id': 45385616, 'id_str': '45385616', 'indices': [0, 15]}]",0
616,2021-05-10 16:01:27,Pq eu baixei shein pqqqqqq alguÃ©m tira isso de mim,['SHEIN'],"SÃ£o Paulo, Brasil",[],[],[],[],0
617,2021-05-10 16:03:54,45 min que tÃ´ no telefone com o Nubank e resolvi um total de 0 coisas ğŸ¤¡ğŸ˜¡ğŸ¤¯,['Nubank'],"BrasÃ­lia, Brasil",[],[],[],[],0
619,2021-05-10 15:22:45,@RodrigoBuenoTV sdds do meu time sendo patrocinado pela Nike,['Nike'],21,[],[],[],"[{'screen_name': 'RodrigoBuenoTV', 'name': 'Rodrigo Bueno', 'id': 45385616, 'id_str': '45385616', 'indices': [0, 15]}]",0
620,2021-05-10 15:27:54,porque na minha time line ta cheio de anuncio da shein se eu sou pobre e nao vou poder comprar?,['SHEIN'],None,[],[],[],[],0
621,2021-05-10 15:30:45,meu deus como nubank Ã© horrÃ­vel pra pagar boleto pqp que demora e ainda da erro toda hora,['Nubank'],"SÃ£o Paulo, Brasil",[],[],[],[],0
622,2021-05-10 15:37:22,Fiz uma compra de valor alto na SHEIN e to me cagando de medo de ser taxada,['SHEIN'],None,[],[],[],[],0
624,2021-05-10 15:43:53,"hello, entÃ£o, vocÃªs conhecem ou sabem de alguma regrinha da shein sobre as taxas? quero fazer uma compra but estou com medo de ser taxada",['SHEIN'],None,[],[],[],[],0
629,2021-05-10 15:55:24,"""Nike ou Adidas""

a sua namorada de preferÃªncia",['Nike'],None,[],[],[],"[{'screen_name': 'npadryel', 'name': 'Pinoá¶œÊ³á¶  ğšğš›ğšŠğš–ğšğš£ â€˜â€˜ZEBRAâ€™â€™', 'id': 940740498515464197, 'id_str': '940740498515464197', 'indices': [3, 12]}]",0
631,2021-05-10 15:57:26,"@nubank e o aplicativo que tÃ¡ instÃ¡vel, nÃ£o tÃ¡ carregando nada",['Nubank'],"Fortaleza, Brasil",[],[],[],"[{'screen_name': 'nubank', 'name': 'Nubank', 'id': 2319390320, 'id_str': '2319390320', 'indices': [0, 7]}]",0
636,2021-05-10 16:04:31,imagina realmente ficar puto com quem usa nike e adidas junto,['Nike'],sp,[],[],[],[],0
637,2021-05-10 16:04:10,Hoje Ã© sÃ³ miojo e coca cola ğŸ¤¢ğŸ¤®,['Coca cola'],21,[],[],[],[],0
639,2021-05-10 16:05:05,"sÃ³ me aparece calÃ§a jogger na shein, puta que pariu, que coisa feia",['SHEIN'],Manaus,[],[],[],[],0
640,2021-05-10 15:22:43,"se espremer o universitÃ¡rio no final do semestre sai um caldo preto que Ã© uma mistura de cafÃ©, coca cola e Ã³dio",['Coca cola'],"Manaus, Brasil",[],[],[],[],0
649,2021-05-10 15:54:01,Medo de comprar calÃ§a na shein e ser taxada,['SHEIN'],"JacarepaguÃ¡, Rio de Janeiro",[],[],[],[],0
651,2021-05-10 15:55:27,Eu sÃ³ queria um amigo membro da Nike ğŸ¥ºğŸ¥º,['Nike'],"ParanaguÃ¡, Brasil",[],[],[],[],0
652,2021-05-10 15:54:52,Meu nubank nÃ£o quer abrir acho que Ã© um sinal pra eu nÃ£o comprar o manga vou tentar mais uma vez se abrir eu compro,['Nubank'],None,[],[],[],[],0
654,2021-05-10 15:58:33,@souojuao @nubank O golpe kkkkkkkkkkkkk,['Nubank'],None,[],[],[],"[{'screen_name': 'souojuao', 'name': 'JoÃ£o', 'id': 3373096785, 'id_str': '3373096785', 'indices': [0, 9]}, {'screen_name': 'nubank', 'name': 'Nubank', 'id': 2319390320, 'id_str': '2319390320', 'indices': [10, 17]}]",0
655,2021-05-10 15:58:37,shein filha da puta meu pedido n sai do lugar desde 4 de maio se eu perder meu dinheiro vou ficar puta,['SHEIN'],None,[],[],[],[],0
656,2021-05-10 15:58:18,"AlÃ´ @nubank, quero pagar meus boletos mas o app nÃ£o deixa ğŸ¥²",['Nubank'],"Porto Alegre, Brasil",[],[],[],"[{'screen_name': 'nubank', 'name': 'Nubank', 'id': 2319390320, 'id_str': '2319390320', 'indices': [4, 11]}]",0
658,2021-05-10 15:20:56,A shein deve andar a fazer mais dinheiro que a Nike a brincar,"['Nike', 'SHEIN']","Ilha de FranÃ§a, FranÃ§a",[],[],[],[],0
659,2021-05-10 15:25:20,Eu sÃ³ queria entender pq a nubank nÃ£o aumenta meu limite do cartÃ£o kkkk,['Nubank'],ZN,[],[],[],[],0
663,2021-05-10 15:31:28,Nike tÃ¡ roubando meu dinheiro todo,['Nike'],None,[],[],[],"[{'screen_name': 'lucksdelux', 'name': 'Luckzera', 'id': 1178389664039919617, 'id_str': '1178389664039919617', 'indices': [3, 14]}]",0
664,2021-05-10 15:32:57,shein shoppe e amazon sÃ£o areas extremamente perigosas pra mim,['SHEIN'],62,[],[],[],[],0
665,2021-05-10 15:33:25,AlguÃ©m com problema pra pagar boleto no nubank? O negÃ³cio nÃ£o conclui,['Nubank'],None,[],[],[],[],0
670,2021-05-10 16:04:34,eu uso tÃªnis da nike e calÃ§a da adidas quero que se foda,['Nike'],sp,[],[],[],[],0
672,2021-05-10 15:21:30,"I eu q tava fazendo bico fiz uma compra de 170 conto na shein, e duas semanas depois fui dispensado ? ğŸ¤¡",['SHEIN'],011 Capital das Nota$,[],[],[],[],0
674,2021-05-10 15:24:21,chego notificacao do nubank achei q era eu recebendo mas nem isso,['Nubank'],horror spunk â€”â€“Â· ela/dela,[],[],[],[],0
680,2021-05-10 15:37:09,@nubank @ygorsf1997 @Apple Para vcs tbm,['Nubank'],SP,[],[],[],"[{'screen_name': 'nubank', 'name': 'Nubank', 'id': 2319390320, 'id_str': '2319390320', 'indices': [0, 7]}, {'screen_name': 'ygorsf1997', 'name': 'ygor francisco', 'id': 2857344051, 'id_str': '2857344051', 'indices': [8, 19]}, {'screen_name': 'Apple', 'name': 'Apple', 'id': 380749300, 'id_str': '380749300', 'indices': [20, 26]}]",0
683,2021-05-10 15:51:10,o que houve com a nubank hoje? tÃ¡ um coco,['Nubank'],"Engenho Novo, Rio de Janeiro",[],[],[],[],0
684,2021-05-10 15:52:17,minha irma estÃ¡ comendo miojo e tomando coca cola meu deus coitado do estomago dela,['Coca cola'],"Belo Horizonte, Brasil",[],[],[],[],0
686,2021-05-10 15:56:08,"âš ï¸teste de carÃ¡ter âš ï¸

      Nike ou Adidas",['Nike'],"ManhuaÃ§u, Brasil",[],[],[],[],0
688,2021-05-10 15:56:38,@dragooncrf meu pezin ta acostumado com nike,['Nike'],5551,[],[],[],"[{'screen_name': 'dragooncrf', 'name': 'dragoná¶œÊ³á¶ ', 'id': 1261365684770136064, 'id_str': '1261365684770136064', 'indices': [0, 11]}]",0
689,2021-05-10 16:03:51,"na minha opiniÃ£o as faturas do nubank sÃ£o muito confusas

se vocÃª paga uma fatura anterior, o pagamento dela aparece na prÃ³xima fatura",['Nubank'],13,[],[],[],[],0
690,2021-05-10 16:05:20,"@patrickallan @TiroDiCanto Ou melhor, o grupo Nike com 7 clubes e adidas com 6",['Nike'],None,[],[],[],"[{'screen_name': 'patrickallan', 'name': 'Patrick Menin', 'id': 133537628, 'id_str': '133537628', 'indices': [0, 13]}, {'screen_name': 'TiroDiCanto', 'name': 'Tiro de Canto', 'id': 820686384302268416, 'id_str': '820686384302268416', 'indices': [14, 26]}]",0
692,2021-05-10 15:23:24,@magalzaoshow Muita Coca-Cola. Experimenta uma Pepsi vez e qnd. (Estou me referindo ao refrigerante).,['Coca-cola'],Infelizmente,[],[],[],"[{'screen_name': 'magalzaoshow', 'name': 'Magal', 'id': 33517656, 'id_str': '33517656', 'indices': [0, 13]}]",0
693,2021-05-10 15:23:53,Hoje meu APP da Nubank tÃ¡ testando minha paciÃªncia em,['Nubank'],"Guararapes, interior de SP",[],[],[],[],0
695,2021-05-10 15:27:16,@cartomaniacosfc Nike nunca se demonstrou interessada em entrar em territÃ³rio sul-americano,['Nike'],NiterÃ³i,[],[],[],"[{'screen_name': 'cartomaniacosfc', 'name': 'Cartomaniacos FC', 'id': 1151188151479787520, 'id_str': '1151188151479787520', 'indices': [0, 16]}]",0
698,2021-05-10 15:31:35,@hfcoradini Assim como Coca Cola?,['Coca cola'],"Minas Gerais, Brasil",[],[],[],"[{'screen_name': 'hfcoradini', 'name': 'Nacho', 'id': 1081227367803248641, 'id_str': '1081227367803248641', 'indices': [0, 11]}]",0
700,2021-05-10 15:34:47,travis fudeu a porra toda nessa faixa,[],None,[],[],[],"[{'screen_name': 'rvszxs', 'name': 'erreve', 'id': 1319628073122279424, 'id_str': '1319628073122279424', 'indices': [3, 10]}]",0
703,2021-05-10 15:43:37,@UmAtleticano__ Tem umas de 120 que sÃ£o mesma coisas de 300 da Nike e da Adidas,['Nike'],"Ipatinga, Brasil",[],[],[],"[{'screen_name': 'UmAtleticano__', 'name': 'Atleticano tweetou Â®', 'id': 2752913065, 'id_str': '2752913065', 'indices': [0, 15]}]",0
704,2021-05-10 15:44:38,Queria saber qual o problema da Nubank em aumentar meu limite pra 3k,['Nubank'],None,[],[],[],[],0
705,2021-05-10 15:46:36,"Cara eu quero que esse espÃ­rito consumista saia de mim, eu jÃ¡ tÃ´ aqui querendo importar Nike, socorro",['Nike'],Me chamou de hopi Hari,[],[],[],[],0
707,2021-05-10 15:46:49,A criatura nÃ£o fez eu pedir um ubereats sÃ³ por causa de uma Coca Cola,['Coca cola'],"New Jersey, USA",[],[],[],[],0
714,2021-05-10 15:52:40,Eu precisando pagar conta e o app da @nubank nÃ£o carrega ğŸ¤¡,['Nubank'],"Curvelo, Brasil",[],[],[],"[{'screen_name': 'nubank', 'name': 'Nubank', 'id': 2319390320, 'id_str': '2319390320', 'indices': [37, 44]}]",0
715,2021-05-10 15:53:10,SÃ³ queria que meu pedido da Shein ou o da Shopee chegassem,['SHEIN'],ãƒ‡ãƒƒãƒ‰,[],[],[],[],0
719,2021-05-10 16:01:54,nao tÃ´ conseguindo pagar o boleto da shein acho q isso eh um sinal pra eu n gastar dinheiro,['SHEIN'],None,[],[],[],[],0
722,2021-05-10 15:21:43,"@CocaCola_Br coca cola Brasil to triste na minha cidade n tem restaurantes participantes

me manda mimos",['Coca cola'],"TrÃªs Lagoas, Brasil",[],[],[],"[{'screen_name': 'CocaCola_Br', 'name': 'Coca-Cola Brasil', 'id': 255537739, 'id_str': '255537739', 'indices': [0, 12]}]",0
724,2021-05-10 15:23:37,se n tomqr coca cola 1 vez no dia eu viro bixo,['Coca cola'],None,[],[],[],[],0
729,2021-05-10 15:40:12,Vou ser obrigada por uns meses a abandonar a Nike,['Nike'],"Sant'Ana do Livramento, Brasil",[],[],[],[],0
730,2021-05-10 15:43:56,2 semanas esperando sÃ³ capinhas da shein âœ¨âœ¨ trouxa âœ¨âœ¨,['SHEIN'],None,[],[],[],[],0
731,2021-05-10 15:46:48,@RodrigoBuenoTV Nike nÃ£o veste time pequeno,['Nike'],None,[],[],[],"[{'screen_name': 'RodrigoBuenoTV', 'name': 'Rodrigo Bueno', 'id': 45385616, 'id_str': '45385616', 'indices': [0, 15]}]",0
732,2021-05-10 15:47:10,"@nubank Bate bola meu ovo , me prometeu o crÃ©dito e atÃ© agora nada .",['Nubank'],"Rio de Janeiro, Brasil",[],[],[],"[{'screen_name': 'nubank', 'name': 'Nubank', 'id': 2319390320, 'id_str': '2319390320', 'indices': [0, 7]}]",0
